MAE_lin,RMSE_lin,R2_lin,MAE_rf,RMSE_rf,R2_rf
1.426999170398014,1.7819222388763356,0.6572777071240419,0.576456189407724,0.7727148869723983,0.9355528943993833
