MAE_lin,RMSE_lin,R2_lin,MAE_rf,RMSE_rf,R2_rf
22.285778882905205,27.548035065434707,0.623583563656384,3.6445739045980443,5.073844998754969,0.9872308580136097
